{
  "day": 1,
  "start_idx": 0,
  "total_reward": 6894.156109578163,
  "total_cost": 5088.8332224803335
}