{
  "day": 1,
  "start_idx": 0,
  "total_reward": 12079.682565309247,
  "total_cost": 12942.139868492795
}