{
  "day": 2,
  "start_idx": 576,
  "total_reward": 5801.496614660558,
  "total_cost": 2656.626849104442
}