{
  "day": 4,
  "start_idx": 1728,
  "total_reward": -9703.351261135223,
  "total_cost": 17097.86726772019
}