{
  "day": 3,
  "start_idx": 1152,
  "total_reward": 7054.24969778166,
  "total_cost": 2615.0204862854016
}