{
  "MHADDQN_day1": [
    2.1092974362058077,
    3.4689670106193264,
    2.52369155193927,
    2.650878993390478,
    2.6606242183101294,
    2.798352723981821,
    1.9706931639689271,
    4.255188851686064,
    3.3596268390369453,
    4.903295061475492,
    2.596488263289756,
    1.8065238317166825,
    4.153221093665979,
    1.8073058576161736,
    5.553621056862913,
    3.996638567996879,
    3.7657488284670477,
    2.331454815611778,
    4.425530141301251,
    2.553419779193333,
    4.512631577799906,
    1.9872576381192841,
    2.460264452196152,
    4.549275502934099,
    3.210339207396939,
    3.4673321979241787,
    2.855222873499861,
    4.111582377062481,
    4.845327044153232,
    4.243002702398235
  ],
  "MHADDQN_day2": [
    5.295297631561535,
    3.6517734064657676,
    2.0912747811360863,
    1.9246128933099902,
    3.3904707044165323,
    2.9702036926951307,
    1.9165452825491984,
    4.254686913323944,
    3.410852670193476,
    4.723476626118219,
    2.6117170724030756,
    1.8207492112448451,
    4.281063776613823,
    1.8346895688798592,
    5.719367610779211,
    4.577256483469486,
    3.8788538012784133,
    2.1973912004718783,
    4.418153780959453,
    2.7085480027862454,
    4.401389880994962,
    2.650150137712502,
    1.2986733426419634,
    3.9203928090199547,
    4.397173854242959,
    4.152964440121147,
    3.0219062070546374,
    3.772594063105051,
    4.875688857706874,
    4.344893093350281
  ]
}