{
  "model_day1": [
    2.721881809193091,
    2.825140361271375,
    3.3130399510395327,
    5.812690398810538,
    3.108325698841444,
    6.75368114969249,
    14.182829233758998,
    2.2459344844020115,
    4.563456099205892,
    6.449953304310538,
    2.3972732138146933,
    1.51108442954011,
    6.138664404566774,
    1.11315716170726,
    1.1965948311433348,
    2.45360327996792,
    2.777332928504627,
    1.2396374938110695,
    5.573543197018118,
    6.221894432748249,
    1.6785808122756438,
    7.070305008115763,
    5.551293456998063,
    4.904886802130372,
    4.736452862928501,
    7.1378320250362775,
    4.531371277780439,
    8.09413916973038,
    5.8995998425861575,
    2.6837708045686637
  ],
  "model_day2": [
    5.432963494196751,
    2.568188248853929,
    0.08475916090175133,
    0.18475219487315792,
    1.236304802465595,
    6.362592799416425,
    13.18142115856592,
    2.1239314031103533,
    4.577886506813353,
    5.943890470821452,
    0.9787847491614529,
    1.1607344311760495,
    6.418444113959006,
    4.8232753519230975,
    5.107939137011991,
    3.016771806678899,
    3.3366343059124333,
    1.326174040868108,
    4.7403868547648695,
    6.245717139692842,
    1.6738783684776561,
    6.588675725661735,
    5.481635878840263,
    4.951749617515058,
    4.2842289158312505,
    6.713174365848492,
    4.530902099610613,
    8.303052935716035,
    5.789294307156026,
    4.1983143184064176
  ],
  "model_day3": [
    6.964738111692952,
    4.610748672325107,
    1.8950576769801109,
    2.156097190888061,
    0.09202778013565058,
    1.0477568381087987,
    12.869082959694197,
    2.4449969329825327,
    1.5822498966033292,
    3.612282073192827,
    1.4695227772496506,
    3.587135293519375,
    5.136207898387005,
    4.299085145022689,
    4.691316547218854,
    3.369657938077717,
    3.531175060802645,
    1.4685854228886994,
    5.139248849745659,
    6.554508275877458,
    1.795219918250388,
    6.699122027974001,
    5.690007962370043,
    4.947766807528975,
    4.413458784824207,
    6.750244427781693,
    4.593731397414119,
    8.423928922924492,
    5.603721141670567,
    4.416291568727183
  ],
  "model_day4": [
    7.25968380457875,
    5.914792226987465,
    3.464972920115467,
    5.99393008735572,
    2.93218904688262,
    6.611901484627334,
    12.821493171878656,
    2.2909115492322356,
    4.242587963240433,
    5.957409260205218,
    2.3811243385662992,
    5.553504818668259,
    6.156492589720969,
    5.1072886129089525,
    5.773915106688209,
    3.7368467661633415,
    3.6552773999180723,
    1.778419450532692,
    6.428035788945483,
    7.718924176644294,
    1.9967292826014673,
    6.806426827797047,
    6.288464342178847,
    5.117315856411966,
    4.577734224391305,
    6.971012786551876,
    4.740423646491057,
    8.638166620153664,
    6.728366666877624,
    4.3156763782288365
  ],
  "model_day5": [
    8.324156200336091,
    5.044341654045504,
    2.7043403926899163,
    2.740443608951795,
    1.793796673140445,
    2.1968625629662824,
    12.955646076007238,
    2.5184112088072115,
    0.2157009481375465,
    2.5728671711266253,
    1.5367557304901736,
    4.6884034056327755,
    7.637761349118111,
    4.961889925440976,
    5.954597870468383,
    4.555955718364771,
    3.76736079515892,
    1.8724033394052555,
    6.57303567450457,
    7.874175245434573,
    2.109147650350351,
    6.934209667962985,
    6.4359763935388825,
    5.258649054959327,
    4.725734083247501,
    7.123810574519887,
    4.8770902146113775,
    8.710878871217341,
    7.249289679474878,
    4.838595239256778
  ],
  "model_day6": [
    5.585872384854517,
    2.811594528818128,
    1.6696502935469637,
    3.711557547197473,
    2.449822455416733,
    5.267799027422334,
    13.6353422476832,
    3.67659820809835,
    3.127043942768915,
    5.818582306088653,
    0.441418454902294,
    0.3383154864279241,
    4.6050653619919055,
    1.9439926530174103,
    4.933632944493868,
    4.425289176311546,
    3.6302265923545924,
    1.765814969425618,
    6.42436914961748,
    7.718924176644294,
    1.9967292826014673,
    6.550926821121328,
    6.204566499518442,
    5.117315856411966,
    4.577734224391305,
    5.862646337637301,
    4.73509035003313,
    8.553545687928763,
    6.612534983581563,
    3.5195387191849115
  ],
  "model_day7": [
    6.050258467885965,
    4.724935705178822,
    3.47418558997104,
    5.935358858758488,
    3.439236307970507,
    6.697237207079927,
    14.243764815424466,
    3.27286491091146,
    4.6549733370505155,
    6.540279828989314,
    2.7412260079893502,
    3.0756022319388725,
    2.574018526791836,
    0.5266729853218339,
    4.152404406614004,
    4.153334299090684,
    3.443298166358673,
    1.7298149083904615,
    6.4520357978464435,
    7.721257499805102,
    1.9997292558985866,
    6.815760152229421,
    6.336131003123468,
    5.1196491795727725,
    4.580067547552112,
    6.966812277322424,
    4.731266959251422,
    5.823434428272642,
    5.425874449171989,
    2.1096859686710574
  ],
  "model_day8": [
    4.641022170509026,
    3.4622381956536885,
    3.5483112286673992,
    5.8871271095318995,
    3.71443480455994,
    6.704568215375107,
    14.046039574692752,
    3.756322950614567,
    4.999389476158232,
    7.7175331217727505,
    2.8265956097346527,
    3.3385852479676625,
    5.405092714446045,
    2.585345924188357,
    0.24974232352664108,
    3.6115482964303127,
    2.5606810479243345,
    1.1843405230584831,
    6.321430069163136,
    7.272557742501,
    2.081905173837368,
    6.887715448448233,
    6.062244239272814,
    4.517613827306466,
    4.4676925768602604,
    6.795808678995636,
    4.097198636002295,
    8.410029750909857,
    6.979281972815963,
    3.378107297957926
  ],
  "model_day9": [
    7.232347816804784,
    4.95758213380642,
    3.4748355700359954,
    5.749731678337524,
    2.9903694916905033,
    6.635300090510582,
    13.515831111020983,
    2.2883960523580202,
    4.4691292554984265,
    6.135875652439496,
    2.6400524731633914,
    5.100938479668484,
    6.191486138035321,
    4.712988356238631,
    5.291828996587802,
    3.6387165824582297,
    0.5877645232649489,
    1.1068333094715315,
    4.923304384932516,
    6.539387087541034,
    1.6892911506740191,
    2.7272188678963585,
    3.2356557164020296,
    3.175174525739308,
    2.5181849714225373,
    3.3251160692744905,
    2.911493778491965,
    5.822973317363619,
    4.138650328127049,
    3.305854597968003
  ],
  "model_day10": [
    6.887217222004153,
    4.94406194974256,
    3.474272345299204,
    5.7373657747763644,
    2.9809758287840666,
    6.623100079451082,
    13.428503940666113,
    2.2279236790044528,
    4.450430248059114,
    6.034625746561308,
    2.6199092842512353,
    5.022621775450033,
    6.288904506721549,
    4.773230976421598,
    5.1159235195583,
    2.6606238107021873,
    3.3572775681376816,
    1.2654295902840307,
    2.8139340822456704,
    3.8089340179990963,
    1.3778705569646643,
    4.3330385970512175,
    3.6299097860178984,
    2.930249275095111,
    2.322518395680048,
    4.762647084724615,
    2.488896373551569,
    8.049611749979121,
    5.641919421190067,
    4.250351816955034
  ],
  "model_day11": [
    8.915708272589827,
    6.1933142011523525,
    4.7366235838274235,
    6.963559388347243,
    4.80698339094819,
    7.716534116533011,
    15.958790529956813,
    4.381240694947315,
    5.854617681571326,
    8.652438934863786,
    3.8009519555269042,
    6.11370489707273,
    8.412687331102523,
    5.6750667477803365,
    6.3174689181387835,
    4.778539357919573,
    3.0990805660098455,
    1.233594989778431,
    5.832594446732742,
    6.128758089860116,
    0.2908324780779684,
    0.5779765140194679,
    2.999368248915379,
    2.4824351621884486,
    2.4239293656233283,
    6.421314099972135,
    3.400039105051972,
    8.46979414000309,
    6.7579224732037515,
    4.969846043218318
  ],