{
  "day": 11,
  "start_idx": 5760,
  "total_reward": -5724.963948407923,
  "avg_reward": -2.8624819742039618,
  "total_cost": 2821.8188793285003,
  "avg_cost": 1.41090943966425
}