{
  "day": 4,
  "start_idx": 1728,
  "total_reward": -34551.72076662535,
  "avg_reward": -17.275860383312676,
  "total_cost": 32546.96614926987,
  "avg_cost": 16.273483074634935
}