{
  "day": 13,
  "start_idx": 6912,
  "total_reward": -11715.301455947423,
  "total_cost": 11511.793118358026
}