{
  "day": 8,
  "start_idx": 4032,
  "total_reward": -12279.341542739936,
  "avg_reward": -6.139670771369968,
  "total_cost": 9260.500442311493,
  "avg_cost": 4.630250221155746
}