{
  "day": 9,
  "start_idx": 4608,
  "total_reward": -6617.788185523182,
  "avg_reward": -3.308894092761591,
  "total_cost": 5017.285741867341,
  "avg_cost": 2.5086428709336706
}