{
  "day": 2,
  "start_idx": 576,
  "total_reward": -4456.3139977959,
  "avg_reward": -2.22815699889795,
  "total_cost": 1769.573701328538,
  "avg_cost": 0.884786850664269
}