{
  "day": 7,
  "start_idx": 3456,
  "total_reward": -9326.0766264574,
  "avg_reward": -4.6630383132287,
  "total_cost": 6332.295774517696,
  "avg_cost": 3.166147887258848
}