{
  "day": 1,
  "start_idx": 0,
  "total_reward": -17733.31214890432,
  "avg_reward": -8.866656074452159,
  "total_cost": 12898.323596503757,
  "avg_cost": 6.449161798251878
}