{
  "day": 6,
  "start_idx": 2880,
  "total_reward": -5421.442198594382,
  "avg_reward": -2.710721099297191,
  "total_cost": 2937.172536069885,
  "avg_cost": 1.4685862680349426
}