{
  "day": 15,
  "start_idx": 8064,
  "total_reward": -14522.054365913564,
  "total_cost": 10220.574533364741
}