{
  "day": 16,
  "start_idx": 8640,
  "total_reward": -9250.29912972006,
  "total_cost": 7630.91381318729
}