{
  "day": 14,
  "start_idx": 7488,
  "total_reward": -16731.665620119264,
  "total_cost": 13678.321840125702
}