{
  "day": 10,
  "start_idx": 5184,
  "total_reward": -20020.120583399,
  "avg_reward": -10.0100602916995,
  "total_cost": 15919.737694092271,
  "avg_cost": 7.959868847046136
}