{
  "day": 3,
  "start_idx": 1152,
  "total_reward": -5001.182938303117,
  "avg_reward": -2.5005914691515585,
  "total_cost": 2349.346991438165,
  "avg_cost": 1.1746734957190825
}