{
  "day": 12,
  "start_idx": 6336,
  "total_reward": -10206.308304384303,
  "avg_reward": -5.103154152192152,
  "total_cost": 6491.59336389866,
  "avg_cost": 3.24579668194933
}