{
  "day": 5,
  "start_idx": 2304,
  "total_reward": -11494.148873887998,
  "avg_reward": -5.747074436943999,
  "total_cost": 8255.68575624781,
  "avg_cost": 4.127842878123905
}